Lobbyist Name,Lobbying Firm,ABN,Position
Karly Abbott,The Inner Circle Strategic Advisory,75634265311,Partner
Dominique Brownrigg,Ogilvy PR Agency Pty Limited,89 096 965 794,Account Director
Philip Brown,Morph Consulting Services,36137964446,Consultant
Gina Calder,BBS Communications Group Pty Ltd,34 010 899 779,Account Leader
William Briggs,Australian Public Affairs,20 098 705 403,Consultant
Brenden Brien,BB Win Win Outcomes,91 671 079 056,Director
Sheree Breust,Promedia Public Relations,52 010 453 826,Public Relations Consultant
Riley Campbell,Nexus APAC Pty Ltd,76 615 655 699,Consultant
Duncan Bremner,Primary Communication,36617864347,Senior Counsel
Mark Brandon-Baker,TG Public Affairs,23630677673,Managing Director / Consultant
Leo Zussino,Suncoast Business Consultants Pty Ltd,90304761881,Managing Director
Graham Young,Narration,29010732368,Director
Allegra Young,BBS Communications Group Pty Ltd,34 010 899 779,Account Manager
Louise Yabsley,Watt Advocacy & Communications,16 642 238 702,Director
Nicolaos Xerakias,GRACosway Pty Ltd,50 082 123 822,Consultant
Ashleigh Worthley,GRACosway Pty Ltd,50 082 123 822,Associate
Michael Cairnduff,Cannings Purple,37 108 802 366,Director
Claire Woodwell,CMAX Advisory,73 130 740 546,Government Relations Adviser
Eliza Woods,BBS Communications Group Pty Ltd,34 010 899 779,Consultant
Stephen Woodhill,Woodhill Communication Pty Ltd,62 613 694 189,Director
Jennifer Anne Wood,Commercial Licensing Specialists,33 134 318 595,Owner/Consultant
Alexander Wilson,CMAX Advisory,73 130 740 546,Government Relations Adviser
Jarryd Williamson,CMAX Advisory,73 130 740 546,Government Relations Adviser
Joshua Williams,Diplomacy,17148998645,Director
Clare Wilkes,Taylor Connect,39 632 234 916,Director
Alexander Whittle,Michelson Alexander Pty Ltd,50 660 359 866,Associate
Lewis Whittaker,GRACosway Pty Ltd,50 082 123 822,Associate
Andrew Whitford,CT Group,72600464855,Group Managing Director - Australasia
Peter Wilkinson,Wilkinson Butler,95164204111,Chairman
Simon Westaway,Royce Comm,91 167 042 408,Strategy Director
Stuart Watters,Morph Consulting Services,36137964446,Founder / Managing Director
Alyssa Waters,CMAX Advisory,73 130 740 546,Government Relations Adviser
Nick Campbell,Nexus APAC Pty Ltd,76 615 655 699,CEO
Shannon Walker,FTI Consulting,49 160 397 811,Senior Director
Samuel Walker,Rowland Pty Ltd,59 011 033 364,Advisor
Elizabeth Walker,GRACosway Pty Ltd,50 082 123 822,Associate
Ilana Waldman,PremierNational,71 619 450 841,"Director, Property Planning & Infrastructure"
Tanya Waite,Promedia Public Relations,52 010 453 826,Public Relations Consultant
Vuki Vujasinovic,Sling and Stone,87 145 965 466,CEO
Angela Vithoulkas,Chikarovski & Associates Pty Ltd,92 715 851 492,"Director,  Consulting"
Nathan Vass,Australian Public Affairs,20 098 705 403,Senior Consultant
PETER TURNBULL,Govstrat Pty Ltd,64 964 952 044,CONSULTANT
Kel Watt,Watt Advocacy & Communications,16 642 238 702,Director
Nick Trainor,Australian Public Affairs,20 098 705 403,Director
Ethan Wales,Fifty Acres - The Communications Agency,29 145 634 224,Executive Assistant
Alister Thomson,Promedia Public Relations,52 010 453 826,Senior Account Manager
Brendan Tegg,TG Public Affairs,23630677673,Principal
Ben Taylor,Domestique Consulting Australia,24161338346,Director
Tara Taubenschlag,CMAX Advisory,73 130 740 546,Managing Director
Jessame Tibbitts,Anacta Strategies Pty Ltd,64 633 978 677,Associate
Christian Taubenschlag,CMAX Advisory,73 130 740 546,Managing Partner
Joseph Tannous,Cornerstone Group,9915 3936 719,Executive Director
Anthony Charters,Tony Charters and Associates,73 072 601 560,Director and Executive
Edward Strong,Nexus APAC Pty Ltd,76 615 655 699,Consultant
Frank Topham,Strategic Corporate Affairs Pty Ltd,76 153 203 037,Founder and Director
Matt Stevens,Walsh Stevens,18084661441,Director
Andrew  Stevens,Project Urban Pty Ltd,97 608 895 923,Managing Director
Andrew Butler,Wilkinson Butler,95164204111,Managing Director
Rachel Stanton,Ogilvy PR Agency Pty Limited,89 096 965 794,Consultant
Andrew Stewart,Michelson Alexander Pty Ltd,50 660 359 866,Senior Associate
Jason Staines,CMAX Advisory,73 130 740 546,Government Relations Adviser
Peter Stahel,Essential Media Communications,48 074 671 462,Associate Director
Graham Staerk,Staerk Government and Media,32 844 592 574,Director
John Brenton,TG Public Affairs,23630677673,Principal
Andrew Soter,Open Door Consulting,15131909521,Managing Director
Jamin Smith,SEC Newgate,38162366056,Associate Partner
Darren Sly,Staerk Government and Media,32 844 592 574,Consultant
Michelson Steve,Michelson Alexander Pty Ltd,50 660 359 866,Founder & Director
Fiona Sinclair,Ogilvy PR Agency Pty Limited,89 096 965 794,Senior Associate
Shayne Sutton,SAS Group,33 136 520 548,Associate Director
John Short,John Short,62880904917,Managing Director
Adam Seaton,Adams + Sparkes Town Planning and Development,39 290 334 500,Senior Town Planner
Russell Scoular,Chatto Creek Advisory,34613546142,Chairman
Fiona Scott,PremierNational,71 619 450 841,Executive Director
Hayley Schubert,Sling and Stone,87 145 965 466,Senior Account Director
Sam Schiphorst,London Agency,73145352147,Public Affairs Manager
Russell Steele,RSA Liquor Professionals t/a; Russell Steele & Assoc Pty Ltd,49 016 597 571,Director
Chris Schacht,Chris Schacht,19 927 269 400,Chairman
Joanne Scard,Fifty Acres - The Communications Agency,29 145 634 224,Advisor
Santo Santoro,Santoro Consulting,21 131 482 230,Director
Naomi Sanders,Promedia Public Relations,52 010 453 826,Account Manager
Edward Schiller,Ogilvy PR Agency Pty Limited,89 096 965 794,Coordinator
Rhys Ryan,Porter Novelli Australia Pty Ltd,40079616050,Managing Director
Brendan Rowswell,CPR Communications and Public Relations Pty Ltd (Melbourne),"ABN 94064357544, ACN 064357544",Director
Katrine Ronne,Australian Society Of Ophthalmologists (formerly Vanguard Consulting & Services),29454001424,General Manager
Maiya Saita,CMAX Advisory,73 130 740 546,Government Relations Adviser
Daniel Smith,CGM Communications Pty Ltd,66 619 642 858,Executive Director and Founder
Angus Robinson,Leisure Solutions,61 982 432 138,Managing Partner
Peter  Sparkes,Adams + Sparkes Town Planning and Development,39 290 334 500,Director
Sarah Roberts,FTI Consulting,49 160 397 811,Senior Consultant
Bernard Ripoll,SAS Group,33 136 520 548,Director
Addison Ridge,Nexus APAC Pty Ltd,76 615 655 699,Director
Anthony Rolfe,TONY ROLFE Consulting,98 274 701 278,Principal Consultant
Graham Richardson,PremierNational,71 619 450 841,Special Counsel
Craig Regan,Primary Communication,36617864347,Consultant
Llewellyn Rees,LK Creative Pty Ltd,ACN 140  857 432,Director
William Redmond,GC Advisory,60 628 010 855,Associate
John Richardson,FIPRA Australia,50 078 482 596,Director
Will Redmond,PYNE AND PARTNERS,81 634 747 363,Senior Associate
Megan Redmond,TG Public Affairs,23630677673,Consultant
Kathleen Quinn,The Inner Circle Strategic Advisory,75634265311,Partner
Jeremy Scott,Promedia Public Relations,52 010 453 826,Managing Director
Christopher Pyne,GC Advisory,60 628 010 855,Chairman
Douglas Pye,Atlas Alliance,606084913,Director
Sahil Prasad,GRACosway Pty Ltd,50 082 123 822,Director
Damian Power,Govstrat Pty Ltd,64 964 952 044,Government Relations Consultant
Grace Portolesi,Grace Portolesi Connect,61 314 646 073,Director
Christopher Pyne,PYNE AND PARTNERS,81 634 747 363,Chairman
Jeff Popp,Forrester Consulting,48 697 260 710,Director
Andrew Plumley,Willard Public Affairs Pty Ltd,17 165 851 856,Director
Anne Pleash,Mission Consulting Solutions,32660516974,Director
Michael Photios,PremierNational,71 619 450 841,Chairman
Andrew Porter,Counsel House Pty Ltd,35 631 919 009,Director
Jeremy Phillips-Yelland,Michelson Alexander Pty Ltd,50 660 359 866,Associate
Matthew Peel,The Strand 365 PTY LTD,90 615 909 665,Principal Director
Kirstin Payne,GRACosway Pty Ltd,50 082 123 822,Associate Director
Alyssa Patterson,GRACosway Pty Ltd,50 082 123 822,Senior Consultant
Jaya Pastor-Elsegood,CMAX Advisory,73 130 740 546,Government Relations Adviser
Ankita Panjratan,Hawker Britton,79 109 681 405,Policy and Business Analyst
Lisa Palu,SAS Group,33 136 520 548,Senior Consultant
Bernard Osmond,DNS Specialist Services,84 627 756 709,Business Consultant
Liam O'Regan,Anacta Strategies Pty Ltd,64 633 978 677,Senior Associate
Kevin Parer,Australian Strategic Advisory,51623355377,Director
Test1 Only,Test Only,12 345 678 910,Administrator
Avanti Oberoi,CT Research Strategies Results,58 101 934 454,Consultant
Justine Nolan,BBS Communications Group Pty Ltd,34 010 899 779,Group Client Manager
Genevieve Nolan,GRACosway Pty Ltd,50 082 123 822,Associate
Remo Nogarotto,CT Group,72600464855,Executive Chairman
Monique Nixon-Smith,DNS Specialist Services,84 627 756 709,Consultant
Emma Nunan,Ogilvy PR Agency Pty Limited,89 096 965 794,PR Consultant
Daniel Nixon-Smith,DNS Specialist Services,84 627 756 709,Managing Director
Brandon Nixon-Smith,DNS Specialist Services,84 627 756 709,Consultant
Lisa Nixon,BBS Communications Group Pty Ltd,34 010 899 779,Director
Melissa Burrell,Promedia Public Relations,52 010 453 826,Social and Digital Strategist
Liam Nilon,GRACosway Pty Ltd,50 082 123 822,Associate Director
Tyson Sara,CMAX Advisory,73 130 740 546,Chief Operating Officer
Ehmily Nicholson,BBS Communications Group Pty Ltd,34 010 899 779,Consultant
Victoria Newton,Anacta Strategies Pty Ltd,64 633 978 677,Director
Isuru Neelagama,GRACosway Pty Ltd,50 082 123 822,Director
Sabrine Navarro,Michelson Alexander Pty Ltd,50 660 359 866,Communications Consultant
Kirsten Mulley,GRACosway Pty Ltd,50 082 123 822,CEO
Michael Morgan,Northstar Public Affairs Pty Ltd,25 638 744 046,Director
Geoff Rodgers,Rowland Pty Ltd,59 011 033 364,Chairman
Alistair Nicholas,Alistair Nicholas Consulting Pty Ltd,81 655 939 852,Director
Juan Paolo Mendoza (Paul) Mills,Australian Public Affairs,20 098 705 403,Consultant
Stephen Milgate,S A Milgate & Associates Pty Ltd,54 078 858 401,Principal and Director
Karen Miles,DWS Hospitality Specialists,50 113 985 247,Office Manager
David Miles,Willard Public Affairs Pty Ltd,17 165 851 856,Principal
Reginald Mickel,Rowland Pty Ltd,59 011 033 364,Strategic Director
Melynda Robinson,Commercial Licensing Specialists,33 134 318 595,Consultant
Nicholas Melas,Cornerstone Group,9915 3936 719,Senior Director - Government Relations
Jessie Nguyen,Primary Communication,36617864347,Account Manager
David Meale,Candra Business Advisers,26 116 275 382,Director
Kristy McSweeney,The PR Counsel Pty Ltd,27611490325,Principal
Peter McMahon,Bossy Group,24166898488,Consultant - Executive Director
Christopher McLaughlin,culturev8,23 311 857 358,Practice Director
Matthew Moran,Willard Public Affairs Pty Ltd,17 165 851 856,Principal
John McKennariery,Project Urban Pty Ltd,97 608 895 923,Director
Justin McGurgan,Groundswell Leaders,33 103 434 840,Managing Director
Zackary McLennan,Lunik,83615178571,Director / Co-Founder
Gabriel McDowell,Res Publica Pty Ltd,63 103 178 258,Managing Director
Jacob McKenzie,CMAX Advisory,73 130 740 546,Government Relations Adviser
Finn McCarthy,SEC Newgate,38162366056,Senior Consultant
Nicola McAlpine,Res Publica Pty Ltd,63 103 178 258,Director
Ken McAlpine,Spring Street Advisory,92 603 411 650,Managing Director
Patrick McClelland,Porter Novelli Australia Pty Ltd,40079616050,Communications Consultant
Jondayah Martin,Promedia Public Relations,52 010 453 826,Account Manager
Tim McPhail,TJM Public Affairs,87 549 086 100,Principal
Jason Marocchi,GRA Partners Pty Limited,56 131 702 755,Managing Partner
Daniel McDougall,Daniel McDougall,22 535 615 464,Communications Consultant
Wayne Matthew,GR Solutions,28 125 233 543,Director
Shannan Manton,Richardson Coutts Pty Ltd,20 126 507 211,Office Manager
Lyndal Maloney,GR Connect Pty Ltd,40 657 487 146,Director
Grace Marsh,CMAX Advisory,73 130 740 546,Government Relations Adviser
Peter Mahon,Royce Comm,91 167 042 408,CEO
Michael Lyell,Adams + Sparkes Town Planning and Development,39 290 334 500,Town Planner
Emma Ramage,Hawker Britton,79 109 681 405,Director
Alexandra Longinidis,PYNE AND PARTNERS,81 634 747 363,Associate
Richard Lenarduzzi,The Premier Communications Group,7313 750 8555,Director
Peta Lange,Ogilvy PR Agency Pty Limited,89 096 965 794,Head of Public Affairs
Kacey Lam,PYNE AND PARTNERS,81 634 747 363,Partner
Kacey Lam,GC Advisory,60 628 010 855,Senior Associate
Nino Lalic,advico,52658982471,Director
Claire March,Counsel House Pty Ltd,35 631 919 009,Managing Director
John Lake,Preferment Associates,30432308596,Director
Lucy Kozlowski,The Civic Partnership,71652574171,Associate Partner
Candice Komsellis,DNS Specialist Services,84 627 756 709,Director
Gemma Kivell,DNS Specialist Services,84 627 756 709,Business Consultant
Allan King,Allan King Consultancy,16007797793,Director
Richard  King ,GRACosway Pty Ltd,50 082 123 822,Consultant
Stephen Mesa,Wilkinson Butler,95164204111,Senior Account Manager
Adam Kilgour,Diplomacy,17148998645,Managing Director
Alexandra Kennedy ,The Write Connection,55 073 965 616,Director
Damian Kelly,Australian Public Affairs,20 098 705 403,Senior Consultant
Elizabeth Kelleher-Cook,Australian Public Affairs,20 098 705 403,Senior Consultant
Matthew Jutsum,Jutsum Advisory Pty Ltd,68 973 583 422,Director
Andrew Joyce,PYNE AND PARTNERS,81 634 747 363,Partner
Katherine Melville,Federation Public Affairs,19 642 230 162,Associate Director
Alexandra Longinidis,GC Advisory,60 628 010 855,Associate
Mark Jones,PremierNational,71 619 450 841,Director - Government Relations
Alasdair Jeffrey,Rowland Pty Ltd,59 011 033 364,Managing Director
Michael Kauter,Strategic Political Counsel,24613884763,CEO
Damon Jalili,Christmas Jalili,26614088881,Principal
Gavin Jackman,Antinomies Advisory Ptd Ltd,35 441 514 971,Principal
Christopher Irons,Strata Solve,30 653 712 479,"Director, Strata Solve"
Morris Iemma,Iemma Patterson Premier Advisory,53 830 148 273,CEO
Cameron Jones,CMAX Advisory,73 130 740 546,Government Relations Adviser
James Hutchinson,Sling and Stone,87 145 965 466,Head of Technology
Susan Jeanes,Jeanes Holland and Associates,34 628 814 728,Consultant
Andrew Humpherson,Barton Deakin,65 140 067 287,Chief Executive Officer
Adam Howard,PYNE AND PARTNERS,81 634 747 363,Managing Director
Adam Howard,GC Advisory,60 628 010 855,Managing Director
Elyse Hogan,Michelson Alexander Pty Ltd,50 660 359 866,Senior Associate
Anthony Hodges,PYNE AND PARTNERS,81 634 747 363,Partner
Anthony Hodges,GC Advisory,60 628 010 855,Partner
William  Hurditch,The Fifth Estate,51 069 838 222,Director
Daniel Hoare,Cornerstone Group,9915 3936 719,Director
Clear Henderson,DNS Specialist Services,84 627 756 709,Consultant
Sophia Heather,London Agency,73145352147,Public Relations Manager
Dolan Hayes,Empower Pty Ltd,33633821366,Director
Benjamin Haslem,WELLS HASLEM MAYHEW STRATEGIC PUBLIC AFFAIRS,52 159 456 685,Managing Partner
Winston Harris,SAS Group,33 136 520 548,Senior Consultant
Andrew Hargrave,CMAX Advisory,73 130 740 546,Government Relations Adviser
Ian Hancock,PremierNational,71 619 450 841,Company Director
Christopher Hall,Primary Communication,36617864347,CEO
Barbara Haines,BBS Communications Group Pty Ltd,34 010 899 779,Senior Account Manager
Anna Grosskreutz,Anna Grosskreutz Consulting,75 726 352 169,Consultant
Alan Griffin,The Civic Partnership,71652574171,Managing Partner
Zoe Greenwood,Commercial Licensing Specialists,33 134 318 595,Admin Assistant
Sasha Grebe,DPG Advisory Solutions Pty Ltd,14 634 403 115,Associate
David Gracey,Strategic Political Counsel,24613884763,Senior Counsel - Health
Alexandra Lucey,BBS Communications Group Pty Ltd,34 010 899 779,Consultant
Paula Gelo,Australian Public Affairs,20 098 705 403,Senior Consultant
David Gazard,DPG Advisory Solutions Pty Ltd,14 634 403 115,Director
Tara Gasior,FTI Consulting,49 160 397 811,Senior Director
Arjun Ganeshalingam,Porter Novelli Australia Pty Ltd,40079616050,Managing Director
Kerry Gallagher,Australian Society Of Ophthalmologists (formerly Vanguard Consulting & Services),29454001424,Chairman
Brian Kim,Lunik,83615178571,Associate
MICHAEL GLEESON,Federation Public Affairs,19 642 230 162,Managing Director
James Fitzpatrick,Michelson Alexander Pty Ltd,50 660 359 866,Consultant
Eamonn Fitzpatrick,Fitzpatrick Advisory,24 524 372 289,Managing Director
Anthony Fisk,CGM Communications Pty Ltd,66 619 642 858,Executive Director
Amanda Firth,BBS Communications Group Pty Ltd,34 010 899 779,Group Client Manager
Glen Elmes,Strategic Pathways Consulting,ABN 56242935104,Director
Andrew Joyce,GC Advisory,60 628 010 855,Partner
Hannelore Duczek,Pynfall Pty Ltd,39 008 566 943,Managing Director
Patrick Doyle,CMAX Advisory,73 130 740 546,Government Relations Adviser
Anthony Douglas,Essential Media Communications,48 074 671 462,Director
Matthew Doman,Australian Public Affairs,20 098 705 403,Director
Adrian Dolahenty,Kurrajong Strategic Counsel,14 625 954 912,Director
Jennifer Doggett,CMAX Advisory,73 130 740 546,Government relations advisor
Emily Ditchburn,Ogilvy PR Agency Pty Limited,89 096 965 794,Senior Consultant
John Dickson,DWS Hospitality Specialists,50 113 985 247,Chairman
Justin Fazzolari,Nexus APAC Pty Ltd,76 615 655 699,Director
Christopher Forrester,Govstrat Pty Ltd,64 964 952 044,Consultant
David Holland,Jeanes Holland and Associates,34 628 814 728,Director
Georgia de Mestre,PremierNational,71 619 450 841,Advisor
Georgia Dillon,FTI Consulting,49 160 397 811,Senior Consultant
Jack de Hennin,PYNE AND PARTNERS,81 634 747 363,Associate
Keren Davies,Cornerstone Group,9915 3936 719,Associate Director
Melissa Devine,Ogilvy PR Agency Pty Limited,89 096 965 794,Senior Business Officer
Verity Dwan,BBS Communications Group Pty Ltd,34 010 899 779,Senior Consultant
George Hazim,Media and Public Affairs,49622979177,Director
Tamika Dartnell-Moore,GC Advisory,60 628 010 855,Senior Associate
Tamika Dartnell-Moore,PYNE AND PARTNERS,81 634 747 363,Senior Associate
Jack De Hennin,GC Advisory,60 628 010 855,Associate
Kirsten Daggar-Nickson,Cornerstone Group,9915 3936 719,Director
Gabriela Czwarnos,Ogilvy PR Agency Pty Limited,89 096 965 794,Senior Account Manager
Narelle Davidson,Trojan Corporate,128 591 359 64,Compliance and Development Co ordinator
Ross Dennis,FPL Advisory,34123819385,Policy Analyst
Tanya Creighton,SEC Newgate,38162366056,Consultant
Andrew Cox,GRACosway Pty Ltd,50 082 123 822,Partner
Carmel Court,Cornerstone Group,9915 3936 719,Senior Associate
Karla Costello,Promedia Public Relations,52 010 453 826,Public Relations Consultant
Maree Davenport,Government and Corporate Advisory Network,14 641 055 272,Managing Director
Peter Costantini,SAS Group,33 136 520 548,Managing Director
Joshua Copland,CMAX Advisory,73 130 740 546,Government Relations Adviser
Hilary D'Angelo,GRACosway Pty Ltd,50 082 123 822,Associate
Joshua Copland,CMAX Advisory,73 130 740 546,Government Relations Adviser
Steven Cusworth,FPL Advisory,34123819385,Director
Louise Cruice,BBS Communications Group Pty Ltd,34 010 899 779,Group Client Manager
Lachlan Crombie,PremierNational,71 619 450 841,Government Relations Advisor
Patrick Conlon,Conlon Advisory,11 951 391 072,Principal
Troy Collings,Social Impact (Qld),13 112 982 323,Director
Maycon Collares Gripp,Precise Hospitality Licensing,46220117164,Licensing Consultant
Stephen Coutts,FIPRA Australia,50 078 482 596,Director
Alistair Coleman,SEC Newgate,38162366056,Consultant
Alistair Coe,DPG Advisory Solutions Pty Ltd,14 634 403 115,Partner
Gavin Clancy,Lunik,83615178571,Senior Consultant
John Connolly,John Connolly & Partners,50 056 165 827,Partner
Susanne  Christensen ,Liquor Licensing Consultants,58 679 042 968,Manager
Michael Choueifate,TG Public Affairs,23630677673,Principal / Consultant
Shane Bowering,Red Tape Busters Pty Ltd,66 092 413 388,Director/Owner
Joshua Copland,CMAX Advisory,73 130 740 546,Government Relations Adviser
Philippa Bosquet,London Agency,73145352147,Senior Account Manager
Robert Borbidge,Govstrat Pty Ltd,64 964 952 044,Senior Counsel
Timothy Cook,The Civic Partnership,71652574171,Senior Account Executive
Barry Christensen,Liquor Licensing Consultants,58 679 042 968,Director
Kerrie Blong,MB Liquor Licensing,52 651 224 609,Consultant
Laurence J Birks,Gaming Machine Services,63 010 353 803,Director
Kyle Birks,Gaming Machine Services,63 010 353 803,Manager
Kerry Chikarovski,Chikarovski & Associates Pty Ltd,92 715 851 492,Director
Francesco Coletta,Primary Communication,36617864347,Senior Account Manager
Paul Bigsby-Chamberlin,TG Public Affairs,23630677673,Principal / Consultant
Tristan Bick,Rowland Pty Ltd,59 011 033 364,Manager
Sara Benallack,BBS Communications Group Pty Ltd,34 010 899 779,Account Manager
Darrin Barnett,PremierNational,71 619 450 841,Labor & Crossbench Engagement
Simone Barber,DWS Hospitality Specialists,50 113 985 247,Accountant
Johnathon Baque,SAS Group,33 136 520 548,Senior Consultant
PAOLO BINI,CRISIS&COMMS CO,56 637 786 899,PARTNER
Simon Banks,Hawker Britton,79 109 681 405,Managing Director
Hamish Arthur,MCM Strategic Communications Pty Ltd,63272133108,Director
Leon Beswick,The Civic Partnership,71652574171,Managing Partner
Jude Bolger,Nuvho Pty Ltd,62 622 629 672,Director
Antony Anisse,PremierNational,71 619 450 841,Special Counsel
Kirby Anderson,PolicyWonks,50 463 070 316,Director
Richard Amos,Royce Comm,91 167 042 408,Managing Director
Sophie Allen,GRACosway Pty Ltd,50 082 123 822,Associate
Jason Aldworth,The Civic Partnership,71652574171,Managing Partner
Nick Albrow,Wilkinson Butler,95164204111,Director
Cameron Adams,Adams + Sparkes Town Planning and Development,39 290 334 500,Managing Director
Michael Blong,MB Liquor Licensing,52 651 224 609,Sole Director
Aisling Acton,Michelson Alexander Pty Ltd,50 660 359 866,Senior Associate
Isabel Anderson,Ogilvy PR Agency Pty Limited,89 096 965 794,PR Consultant
Mark Abernethy,Wilkinson Butler,95164204111,Communications Consultant
Madeleine Abbott,GRACosway Pty Ltd,50 082 123 822,Associate
Stefan Anjou,FPL Advisory,34123819385,Policy Analyst
Elaine Abery,Unravelling Red Tape Pty Ltd,69 626 524 178,Director
Robert (Bob) Baldwin,Outcomes & Strategies Group,20 018 352 673,Consultant
James Baker,SAS Group,33 136 520 548,Senior Consultant
